Año,Territorio,Bombas de calor (%)
2021,Switzerland,8.04910039167809
2022,Switzerland,7.93325121924852
2023,Switzerland,7.55486944159854
2024,Switzerland,7.07675488422244
